timestamp,x,y,z
2025-12-18 23:24:03,0.256825014,-0.229397514,-0.006212669
2025-12-18 23:24:13,-0.191301489,-0.176138265,-0.052059309
2025-12-18 23:24:23,-0.042465760,-0.126782009,0.255829548
2025-12-18 23:24:33,-0.022659687,0.083352324,0.117082353
2025-12-18 23:24:43,0.341930143,0.391596895,-0.092936429
2025-12-18 23:24:53,0.042478635,-0.014494839,-0.011428208
2025-12-18 23:25:03,0.106783435,0.104181724,-0.191762472
2025-12-18 23:25:13,-0.021892415,0.256021406,0.010145172
2025-12-18 23:25:23,0.044497667,0.429792235,0.116498842
2025-12-18 23:25:33,-0.026708626,-0.197035581,0.055835373
2025-12-18 23:25:43,-0.123678018,0.143636713,-0.132009251
2025-12-18 23:25:53,0.084346800,-0.010877431,-0.083470454
2025-12-18 23:26:03,0.124907920,0.034962651,0.375229020
2025-12-18 23:26:13,0.183828629,-0.083510800,-0.017689230
2025-12-18 23:26:23,-0.055200414,0.039839967,-0.123918238
2025-12-18 23:26:33,0.069397198,0.060840977,0.081883352
2025-12-18 23:26:43,-0.052964600,-0.286599554,0.146331907
2025-12-18 23:26:53,-0.217593129,-0.138869861,0.044936215
2025-12-18 23:27:03,-0.088768922,0.156289207,-0.090264902
2025-12-18 23:27:13,-0.053624380,0.371742402,-0.046509210
2025-12-18 23:27:23,-0.102242456,0.172029078,0.176927275
2025-12-18 23:27:33,-0.280527481,0.019459570,-0.020465411
2025-12-18 23:27:43,0.287595023,-0.069143097,0.091827371
2025-12-18 23:27:53,-0.124478955,0.102443043,0.068214846
2025-12-18 23:28:03,-0.368899752,0.163831364,-0.135592625
2025-12-18 23:28:13,-0.175162688,0.050532954,-0.293386054
2025-12-18 23:28:23,0.082879889,0.051882122,-0.012611899
2025-12-18 23:28:33,0.135716216,0.012510923,0.075966358
2025-12-18 23:28:43,0.157827151,-0.025041771,-0.140024607
2025-12-18 23:28:53,0.015564606,0.144790447,0.086271593
2025-12-18 23:29:03,0.153189834,0.071692073,-0.049971111
2025-12-18 23:29:13,0.033724399,0.093343487,0.053496616
2025-12-18 23:29:23,-0.218325248,0.028023015,0.188319101
2025-12-18 23:29:33,0.086950721,-0.301138684,0.187281988
2025-12-18 23:29:43,-0.055637788,0.097206492,0.136406433
2025-12-18 23:29:53,-0.091464086,0.177285006,-0.266012523
2025-12-18 23:30:03,0.367981298,0.109181363,0.115576757
2025-12-18 23:30:13,-0.083094115,0.194027930,0.004202584
2025-12-18 23:30:23,-0.068923587,0.002534847,0.054236874
2025-12-18 23:30:33,-0.050586325,-0.382717727,0.033185242
2025-12-18 23:30:43,0.070778918,0.085722293,-0.022975461
2025-12-18 23:30:53,-0.160765804,0.121835997,0.105254094
2025-12-18 23:31:03,-0.005459674,0.028321871,0.042168931
2025-12-18 23:31:13,0.121686047,-0.038206656,-0.136916592
2025-12-18 23:31:23,-0.079252727,-0.059081618,-0.012394566
2025-12-18 23:31:33,-0.023874620,0.173954885,0.003195060
2025-12-18 23:31:43,0.191722299,-0.061549014,0.138425381
2025-12-18 23:31:53,0.032934425,0.233868020,-0.015115152
2025-12-18 23:32:03,-0.002757925,-0.073733075,-0.008090793
2025-12-18 23:32:13,0.013452843,-0.045954431,-0.061099724
2025-12-18 23:32:23,-0.058529408,0.241444927,0.272036252
2025-12-18 23:32:33,0.022940466,-0.130348957,0.150385682
2025-12-18 23:32:43,-0.121378704,0.192722038,-0.039935651
2025-12-18 23:32:53,0.035872999,0.001047460,0.077100876
2025-12-18 23:33:03,0.018837417,-0.335089318,-0.024291541
2025-12-18 23:33:13,0.231648278,0.043533187,-0.269321099
2025-12-18 23:33:23,0.047392592,0.110158496,0.129489921
2025-12-18 23:33:33,0.082447913,0.044151780,0.112281404
2025-12-18 23:33:43,-0.057710040,-0.092350827,-0.316072380
2025-12-18 23:33:53,-0.013332872,0.068833348,-0.192302761
2025-12-18 23:34:03,-0.340248733,0.112568378,-0.011362946
2025-12-18 23:34:13,-0.203290418,0.068114193,0.310073341
2025-12-18 23:34:23,-0.018432569,0.009992683,0.229243759
2025-12-18 23:34:33,0.087113260,-0.126264134,0.103133308
2025-12-18 23:34:43,-0.157436066,-0.090609818,-0.051601934
2025-12-18 23:34:53,-0.007402884,-0.239701973,-0.037356372
2025-12-18 23:35:03,-0.008968368,-0.132660153,-0.098099284
2025-12-18 23:35:13,0.054461322,0.234448346,-0.011430276
2025-12-18 23:35:23,0.213308425,0.265749616,0.076875257
2025-12-18 23:35:33,-0.091750194,-0.012237878,-0.178391641
2025-12-18 23:35:43,0.033761312,0.050954833,0.359769256
2025-12-18 23:35:53,-0.115234909,-0.094395210,-0.103253998
2025-12-18 23:36:03,0.131249303,-0.009093810,-0.011733714
2025-12-18 23:36:13,0.171084243,-0.148888058,-0.185033424
2025-12-18 23:36:23,-0.048336086,0.027346465,0.032653796
2025-12-18 23:36:33,-0.024634240,-0.120573494,-0.212498088
2025-12-18 23:36:43,0.047235393,-0.037412800,0.047375294
2025-12-18 23:36:53,-0.042958485,-0.009866044,-0.163751782
2025-12-18 23:37:03,-0.100237818,-0.048097882,-0.143809138
2025-12-18 23:37:13,-0.161180568,-0.103052828,-0.094658273
2025-12-18 23:37:23,-0.055829884,0.032210341,0.175728358
2025-12-18 23:37:33,0.031993513,0.000194828,0.020344030
2025-12-18 23:37:43,0.314593664,-0.014616969,0.088628790
2025-12-18 23:37:53,0.242866855,-0.238015719,-0.100188050
2025-12-18 23:38:03,-0.071991413,0.240161004,-0.063916333
2025-12-18 23:38:13,0.086805718,-0.216719912,0.154034458
2025-12-18 23:38:23,0.094333881,-0.116091254,-0.030424388
2025-12-18 23:38:33,-0.152520303,-0.021130387,0.052378765
2025-12-18 23:38:43,-0.038948291,-0.000534972,-0.087203283
2025-12-18 23:38:53,-0.290639597,-0.044906597,-0.044528675
2025-12-18 23:39:03,-0.163016938,-0.037199420,0.074644428
2025-12-18 23:39:13,-0.009990978,0.121151092,0.145131663
2025-12-18 23:39:23,-0.094407610,0.016840092,0.040399984
2025-12-18 23:39:33,0.191926835,-0.120033031,0.002608078
2025-12-18 23:39:43,0.156017601,-0.142319466,-0.109450219
2025-12-18 23:39:53,0.125233473,0.055785814,0.104377870
2025-12-18 23:40:03,0.030828563,-0.092574850,-0.227234648
2025-12-18 23:40:13,0.000032715,0.163009238,0.208823830
2025-12-18 23:40:23,0.181650341,-0.059987463,-0.012416398
2025-12-18 23:40:33,-0.197877216,-0.112289216,-0.067368145
2025-12-18 23:40:43,0.175598227,-0.070784845,0.041363221
2025-12-18 23:40:53,-0.134388067,0.109844023,-0.076346240
2025-12-18 23:41:03,0.108705189,-0.101546535,-0.009986756
2025-12-18 23:41:13,-0.094639162,-0.070763628,-0.302724193
2025-12-18 23:41:23,0.064434113,0.104439059,-0.149898948
2025-12-18 23:41:33,0.156870004,-0.167266831,-0.153430002
2025-12-18 23:41:43,-0.124260184,-0.271159660,-0.004653378
2025-12-18 23:41:53,-0.143446893,0.058036895,0.059788372
2025-12-18 23:42:03,-0.096355290,0.131303932,-0.111260646
2025-12-18 23:42:13,-0.086368471,-0.041823236,-0.071429625
2025-12-18 23:42:23,0.256605164,-0.144340623,0.060367882
2025-12-18 23:42:33,-0.177213073,0.093890324,-0.165377039
2025-12-18 23:42:43,0.134326839,0.097722121,-0.238221952
2025-12-18 23:42:53,0.175057816,-0.001636738,0.080543616
2025-12-18 23:43:03,-0.217529596,0.085550684,-0.098436419
2025-12-18 23:43:13,-0.026484921,-0.190695745,0.077848811
2025-12-18 23:43:23,0.021381737,0.059230242,-0.235804775
2025-12-18 23:43:33,-0.148432746,-0.128244410,-0.070042660
2025-12-18 23:43:43,0.067063359,0.159431854,-0.153848367
2025-12-18 23:43:53,0.146353336,-0.231045288,-0.023446411
2025-12-18 23:44:03,-0.087086810,0.086456210,-0.191366316
2025-12-18 23:44:13,-0.017922411,-0.124174966,0.101632806
2025-12-18 23:44:23,-0.145558921,-0.147731242,0.027898229
2025-12-18 23:44:33,-0.003305689,-0.134455789,-0.104064475
2025-12-18 23:44:43,-0.002990882,0.125188831,-0.186298712
2025-12-18 23:44:53,0.083602439,0.329210108,0.063209712
2025-12-18 23:45:03,0.075616191,-0.150908968,0.104598050
2025-12-18 23:45:13,-0.028192669,-0.000495325,-0.218827172
2025-12-18 23:45:23,-0.002771844,-0.195886334,-0.045673057
2025-12-18 23:45:33,-0.160754843,-0.210545191,0.034016065
2025-12-18 23:45:43,0.025172940,0.075840237,0.013345231
2025-12-18 23:45:53,0.169532443,0.024152556,-0.172976380
2025-12-18 23:46:03,-0.104570647,0.080625761,0.027865208
2025-12-18 23:46:13,-0.032545700,0.151647311,-0.062790970
2025-12-18 23:46:23,-0.129548668,0.114936682,-0.114144055
2025-12-18 23:46:33,-0.291886514,-0.425724450,-0.256139518
2025-12-18 23:46:43,0.343722984,-0.185119220,0.105288845
2025-12-18 23:46:53,-0.167858223,0.086516423,-0.048526005
2025-12-18 23:47:03,0.275967296,-0.292487478,0.039488404
2025-12-18 23:47:13,0.248085813,0.117315856,0.025731635
2025-12-18 23:47:23,0.060669814,-0.305807566,0.274935937
2025-12-18 23:47:33,0.046661754,-0.078093261,0.084921729
2025-12-18 23:47:43,0.171918426,-0.014005532,0.049762118
2025-12-18 23:47:53,0.005293094,-0.058956287,0.043756552
2025-12-18 23:48:03,0.157934570,-0.091294085,-0.368442506
2025-12-18 23:48:13,-0.163903314,-0.179004246,0.071645621
2025-12-18 23:48:23,0.028149208,-0.131745999,0.087575622
2025-12-18 23:48:33,0.009745291,0.027146484,-0.151098634
2025-12-18 23:48:43,-0.193453406,0.116603779,-0.194565293
2025-12-18 23:48:53,0.070324827,0.035700441,0.187665265
2025-12-18 23:49:03,-0.068204340,0.013381706,0.087606179
2025-12-18 23:49:13,0.167462187,-0.301707134,0.042091135
2025-12-18 23:49:23,-0.075866864,0.083607690,0.174107559
2025-12-18 23:49:33,0.155067419,0.035091725,0.087917009
2025-12-18 23:49:43,0.270530057,0.094949227,-0.229613494
2025-12-18 23:49:53,-0.152414018,-0.216696748,0.157285599
2025-12-18 23:50:03,-0.073825886,0.093225020,-0.253222797
2025-12-18 23:50:13,-0.011395921,0.354239677,0.168331796
2025-12-18 23:50:23,0.150984528,0.117855310,0.210688159
2025-12-18 23:50:33,0.026227581,-0.175944212,-0.201440716
2025-12-18 23:50:43,-0.009890955,0.143273307,0.014958238
2025-12-18 23:50:53,0.095675397,0.254479776,-0.473692366
2025-12-18 23:51:03,0.188830597,0.174844469,0.073957756
2025-12-18 23:51:13,-0.376830514,0.057909787,-0.193392922
2025-12-18 23:51:23,-0.159035987,-0.013450440,0.310207486
2025-12-18 23:51:33,0.030856642,0.050166514,-0.294667922
2025-12-18 23:51:43,0.112694624,-0.030344076,-0.127010674
2025-12-18 23:51:53,-0.207226647,-0.182320332,-0.239067260
2025-12-18 23:52:03,0.204321563,-0.021947844,-0.024139290
2025-12-18 23:52:13,0.132972708,-0.244360333,0.302793912
2025-12-18 23:52:23,-0.130602277,0.092155864,-0.015013862
2025-12-18 23:52:33,-0.075292884,0.077636216,0.156190152
2025-12-18 23:52:43,-0.240533562,-0.089811223,-0.103414007
2025-12-18 23:52:53,0.025333118,0.065203991,-0.117616368
2025-12-18 23:53:03,0.018415999,0.186007662,-0.133582095
2025-12-18 23:53:13,-0.186769987,0.053308245,0.025714083
2025-12-18 23:53:23,0.176936486,-0.091734969,-0.009959867
2025-12-18 23:53:33,0.216209209,0.167851268,-0.047194291
2025-12-18 23:53:43,0.134453036,-0.099723304,0.314640122
2025-12-18 23:53:53,-0.030223169,-0.170680063,-0.168176900
2025-12-18 23:54:03,0.059894017,-0.112237016,0.365364861
2025-12-18 23:54:13,-0.139640098,0.038774864,-0.050116476
2025-12-18 23:54:23,-0.095651973,-0.047823453,0.044920001
2025-12-18 23:54:33,-0.197616134,0.015338726,0.123401785
2025-12-18 23:54:43,0.111139924,-0.011276786,-0.104074287
2025-12-18 23:54:53,0.123232442,0.051575984,0.040494489
2025-12-18 23:55:03,0.064124221,0.209229088,-0.046436262
2025-12-18 23:55:13,-0.354366495,-0.126856818,0.043170759
2025-12-18 23:55:23,-0.035465075,-0.173694863,0.038121463
2025-12-18 23:55:33,0.040781183,0.092846430,-0.061430373
2025-12-18 23:55:43,0.027016586,0.195833712,-0.323861902
2025-12-18 23:55:53,-0.066238640,0.015569135,0.191031212
2025-12-18 23:56:03,-0.100627288,0.022766623,-0.025260525
2025-12-18 23:56:13,-0.117286350,0.177096192,-0.146474119
2025-12-18 23:56:23,0.285907820,0.253550615,-0.153079093
2025-12-18 23:56:33,0.127276050,0.025160469,-0.050155447
2025-12-18 23:56:43,0.090536996,-0.043181383,0.188126311
2025-12-18 23:56:53,0.191224540,0.097033620,0.048548058
2025-12-18 23:57:03,0.030883554,-0.067980412,0.231935279
2025-12-18 23:57:13,-0.149020965,0.084529982,-0.070743093
2025-12-18 23:57:23,-0.028366475,0.066985059,-0.155462310
2025-12-18 23:57:33,0.047716619,0.022103060,-0.249709917
2025-12-18 23:57:43,0.248793789,0.065397031,0.132179026
2025-12-18 23:57:53,-0.100406683,-0.056941641,-0.014556896
2025-12-18 23:58:03,-0.071275079,0.058093331,-0.179762509
2025-12-18 23:58:13,0.144513731,0.019206894,-0.267871533
2025-12-18 23:58:23,0.014029826,0.007552750,0.104156207
2025-12-18 23:58:33,-0.037437879,0.073949192,0.005373706
2025-12-18 23:58:43,0.057953885,-0.061869682,0.147396754
2025-12-18 23:58:53,-0.097023711,0.250470933,-0.032849937
2025-12-18 23:59:03,-0.244798771,-0.035672442,-0.010605324
2025-12-18 23:59:13,0.199415844,0.140497296,-0.222579025
2025-12-18 23:59:23,-0.190834067,-0.022092811,0.041367477
2025-12-18 23:59:33,-0.041703584,-0.060544493,-0.024359571
2025-12-18 23:59:43,0.144333301,0.071372791,0.160638905
2025-12-18 23:59:53,-0.248291185,-0.245633842,-0.061372074
2025-12-19 00:00:03,-0.171704436,-0.072697966,-0.065414982
2025-12-19 00:00:13,0.048479722,-0.152667937,0.021285356
2025-12-19 00:00:23,-0.074806466,0.368848601,-0.066312725
2025-12-19 00:00:33,-0.097184319,0.156790584,-0.195559356
2025-12-19 00:00:43,-0.060790986,-0.052850817,0.063660971
2025-12-19 00:00:53,0.066696006,0.035904253,0.022008685
2025-12-19 00:01:03,0.216893732,-0.089874887,0.058583572
2025-12-19 00:01:13,-0.245466042,-0.035132740,-0.352081796
2025-12-19 00:01:23,-0.052299851,0.019891049,-0.060818965
2025-12-19 00:01:33,0.060806874,-0.097987977,-0.006007202
2025-12-19 00:01:43,-0.013443250,-0.193736865,-0.076270638
2025-12-19 00:01:53,0.035367080,-0.066982959,0.140750395
2025-12-19 00:02:03,0.050971057,0.123703551,-0.011313657
2025-12-19 00:02:13,-0.023385215,0.037524117,0.118177540
2025-12-19 00:02:23,-0.147081234,-0.049722709,-0.012813520
2025-12-19 00:02:33,-0.091209212,0.160866585,-0.115780947
2025-12-19 00:02:43,-0.285334243,-0.095552027,-0.332707163
2025-12-19 00:02:53,-0.244100294,-0.040492185,-0.356273141
2025-12-19 00:03:03,-0.076100908,0.164651934,0.245218287
2025-12-19 00:03:13,0.078999369,0.150461013,-0.028600185
2025-12-19 00:03:23,0.152376719,0.198904241,0.199501882
2025-12-19 00:03:33,-0.086820460,-0.140211686,0.038410905
2025-12-19 00:03:43,0.079117338,-0.344423972,-0.060644954
2025-12-19 00:03:53,0.223610550,-0.083262102,0.064153064
2025-12-19 00:04:03,0.104646507,0.140005809,0.033919290
2025-12-19 00:04:13,0.063292994,-0.076939132,0.175541524
2025-12-19 00:04:23,0.002618922,0.066931240,-0.001441111
2025-12-19 00:04:33,0.069929777,-0.102972216,0.000860655
2025-12-19 00:04:43,0.023164367,-0.116465532,0.440255419
2025-12-19 00:04:53,-0.135856069,-0.101885288,-0.110362607
2025-12-19 00:05:03,0.125528508,-0.011931551,0.136384634
2025-12-19 00:05:13,0.099047422,0.104384440,0.193111794
2025-12-19 00:05:23,0.171761682,-0.121883622,0.203955622
2025-12-19 00:05:33,-0.020609135,-0.112969307,0.138126274
2025-12-19 00:05:43,-0.147552284,0.021060523,-0.033260176
2025-12-19 00:05:53,-0.046999713,-0.276222595,0.037159334
2025-12-19 00:06:03,-0.157373632,0.079785201,-0.054522004
2025-12-19 00:06:13,-0.030700323,-0.114499186,-0.186148839
2025-12-19 00:06:23,0.034114074,-0.060450943,-0.160216571
2025-12-19 00:06:33,-0.086217716,0.167415284,0.030701730
2025-12-19 00:06:43,-0.164239577,0.018535397,0.225802201
2025-12-19 00:06:53,-0.073189688,-0.063047946,-0.017629979
2025-12-19 00:07:03,0.030437959,-0.003479159,-0.203468637
2025-12-19 00:07:13,-0.094542838,0.112256596,0.039815191
2025-12-19 00:07:23,-0.188944939,0.214880553,0.052593531
2025-12-19 00:07:33,-0.081596390,-0.027584970,0.269042988
2025-12-19 00:07:43,0.227656637,0.219771440,-0.087497208
2025-12-19 00:07:53,-0.233297139,-0.029529273,-0.015306763
2025-12-19 00:08:03,-0.071253483,-0.217768654,-0.176771015
2025-12-19 00:08:13,0.004983987,0.148421674,0.120550180
2025-12-19 00:08:23,-0.138590925,-0.020187847,0.053228050
2025-12-19 00:08:33,-0.076854964,0.056134119,0.016993345
2025-12-19 00:08:43,0.109728292,-0.009080717,0.076281793
2025-12-19 00:08:53,-0.016315945,0.235058783,-0.134337409
2025-12-19 00:09:03,-0.006011227,0.118151878,-0.104889765
2025-12-19 00:09:13,0.090094689,-0.244148053,0.136056201
2025-12-19 00:09:23,-0.069725737,0.177912725,-0.168575862
2025-12-19 00:09:33,0.003600128,-0.058885209,0.131308766
2025-12-19 00:09:43,-0.015689626,0.236397189,0.201247725
2025-12-19 00:09:53,0.238367051,-0.195363095,0.144238492
2025-12-19 00:10:03,0.017173063,0.191001490,0.036387971
2025-12-19 00:10:13,-0.202278238,-0.209138588,-0.192013010
2025-12-19 00:10:23,0.093754790,-0.190968024,0.069116669
2025-12-19 00:10:33,-0.370728152,-0.175301394,0.136114613
2025-12-19 00:10:43,0.208347870,0.098840509,-0.076377265
2025-12-19 00:10:53,0.124278723,-0.239773677,0.267374794
2025-12-19 00:11:03,0.094873375,0.028383954,-0.115500822
2025-12-19 00:11:13,-0.126874547,-0.115372926,0.111830838
2025-12-19 00:11:23,-0.107592525,0.177099723,-0.247392814
2025-12-19 00:11:33,0.116075710,-0.018203699,0.179253302
2025-12-19 00:11:43,0.056853679,-0.134430589,0.002201728
2025-12-19 00:11:53,0.342321350,0.068582704,-0.193216032
2025-12-19 00:12:03,0.130832513,-0.021604971,0.101949625
2025-12-19 00:12:13,-0.059249847,-0.012449174,-0.066471736
2025-12-19 00:12:23,0.000621122,-0.243065870,0.006262863
2025-12-19 00:12:33,-0.064479053,-0.108202268,0.098518052
2025-12-19 00:12:43,-0.143860537,-0.098456868,0.024567682
2025-12-19 00:12:53,0.010292227,0.018265968,-0.217510900
2025-12-19 00:13:03,0.083879875,0.048080846,-0.151989085
2025-12-19 00:13:13,0.158496335,-0.233175318,0.029756923
2025-12-19 00:13:23,-0.033601342,-0.211092744,0.039121519
2025-12-19 00:13:33,0.028257257,-0.148544008,-0.096864048
2025-12-19 00:13:43,-0.078321150,-0.042315593,-0.321779125
2025-12-19 00:13:53,-0.156127537,-0.046528295,0.078379487
2025-12-19 00:14:03,-0.157402259,-0.096258354,0.017378076
2025-12-19 00:14:13,-0.142876833,0.169148523,-0.097218060
2025-12-19 00:14:23,0.127451673,-0.034068131,-0.146847727
2025-12-19 00:14:33,0.090050853,-0.113080645,0.001731269
2025-12-19 00:14:43,-0.163216328,0.138321532,-0.126245790
2025-12-19 00:14:53,0.152656431,-0.188827549,0.018923270
2025-12-19 00:15:03,-0.083561967,-0.019601413,0.003733259
2025-12-19 00:15:13,0.042552579,-0.236291606,-0.091769666
2025-12-19 00:15:23,-0.178829672,-0.228408647,-0.168585415
2025-12-19 00:15:33,-0.049125969,0.012226707,-0.340449400
2025-12-19 00:15:43,0.076955755,0.008928900,-0.044668363
2025-12-19 00:15:53,-0.109007513,0.035851950,0.091458964
2025-12-19 00:16:03,-0.119096598,-0.030513032,0.132826312
2025-12-19 00:16:13,-0.009020701,0.139045046,0.118972948
2025-12-19 00:16:23,0.005009162,-0.330637030,-0.045247597
2025-12-19 00:16:33,-0.042246120,0.025476690,-0.053669973
2025-12-19 00:16:43,-0.220176854,-0.107888965,-0.076263102
2025-12-19 00:16:53,-0.380760110,-0.242290106,0.073452425
2025-12-19 00:17:03,0.028804891,0.315501303,0.238980213
2025-12-19 00:17:13,-0.075983759,-0.003966199,0.053528414
2025-12-19 00:17:23,-0.142727626,-0.111918375,-0.113262650
2025-12-19 00:17:33,-0.148006837,-0.056296686,0.178123292
2025-12-19 00:17:43,0.179876224,-0.224104691,0.066000898
2025-12-19 00:17:53,-0.090948377,0.009179876,-0.198385244
2025-12-19 00:18:03,-0.344515898,0.053802468,0.051101656
2025-12-19 00:18:13,0.259497189,-0.193654688,0.150789182
2025-12-19 00:18:23,0.214053660,-0.181209352,-0.185470357
2025-12-19 00:18:33,0.174203016,0.032255224,0.129853061
2025-12-19 00:18:43,-0.191761260,0.001360156,-0.131629931
2025-12-19 00:18:53,0.043045668,-0.300349838,-0.102340964
2025-12-19 00:19:03,0.215575944,0.105962252,0.061143297
2025-12-19 00:19:13,0.075341878,0.031308461,-0.017769936
2025-12-19 00:19:23,-0.601843237,0.121715622,0.093778489
2025-12-19 00:19:33,-0.220603638,0.008942252,0.135058007
2025-12-19 00:19:43,-0.129453251,0.008009197,-0.129342492
2025-12-19 00:19:53,0.076235913,0.072820729,0.077391079
2025-12-19 00:20:03,0.131321017,-0.146213981,0.065165987
2025-12-19 00:20:13,-0.127107413,-0.022526971,-0.168198487
2025-12-19 00:20:23,0.038527932,-0.063145856,0.260775334
2025-12-19 00:20:33,-0.142979364,0.143417090,0.070992445
2025-12-19 00:20:43,0.085898695,0.052929902,0.043459128
2025-12-19 00:20:53,0.039274024,0.010721849,0.146773779
2025-12-19 00:21:03,-0.218909750,0.035937876,-0.024952829
2025-12-19 00:21:13,-0.043253617,-0.110725839,-0.084312396
2025-12-19 00:21:23,-0.153222022,-0.095928396,-0.053581540
2025-12-19 00:21:33,0.009399621,0.115492564,-0.411315523
2025-12-19 00:21:43,0.064369275,0.170795475,0.074457801
2025-12-19 00:21:53,-0.002802600,0.011449314,-0.120362740
2025-12-19 00:22:03,0.117584530,0.020258333,0.229118501
2025-12-19 00:22:13,0.128999101,-0.140926758,-0.047345327
2025-12-19 00:22:23,-0.092996045,-0.127733965,0.109801870
2025-12-19 00:22:33,-0.422753317,0.006585591,0.305809957
2025-12-19 00:22:43,0.144009489,0.063528940,0.185407826
2025-12-19 00:22:53,-0.121179104,0.096434461,-0.102113753
2025-12-19 00:23:03,0.087138163,-0.086255886,-0.045587566
2025-12-19 00:23:13,-0.063168633,0.136974275,0.330897311
2025-12-19 00:23:23,0.052454344,0.031135574,-0.046125718
2025-12-19 00:23:33,-0.106947027,0.013993717,-0.194329130
2025-12-19 00:23:43,0.069924253,-0.192117477,0.044277817
2025-12-19 00:23:53,0.014701401,-0.029459665,0.134446050
2025-12-19 00:24:03,-0.054403248,0.213319354,-0.119234768
2025-12-19 00:24:13,-0.300219420,0.188533217,0.023043898
2025-12-19 00:24:23,0.052581544,-0.220428889,-0.000616841
2025-12-19 00:24:33,0.222461424,0.083337961,0.003350215
2025-12-19 00:24:43,-0.042587922,-0.267755944,0.044412902
2025-12-19 00:24:53,0.045204460,0.079317954,-0.002025864
2025-12-19 00:25:03,0.246549713,-0.021108855,-0.156872808
2025-12-19 00:25:13,-0.278742634,-0.043981417,0.402119455
2025-12-19 00:25:23,0.014974716,-0.049256356,0.112971727
2025-12-19 00:25:33,-0.094861906,-0.079528807,0.094239436
2025-12-19 00:25:43,0.112648903,0.028305117,-0.057292396
2025-12-19 00:25:53,-0.110085403,-0.040501252,-0.114633355
2025-12-19 00:26:03,-0.024542049,0.248168375,-0.260273261
2025-12-19 00:26:13,-0.203842279,-0.025502243,-0.062506961
2025-12-19 00:26:23,0.054445193,-0.094197957,-0.041813494
2025-12-19 00:26:33,-0.006094634,-0.012492108,0.121305261
2025-12-19 00:26:43,0.239512917,0.058055294,0.097144626
2025-12-19 00:26:53,-0.224742254,-0.349138773,-0.187419787
2025-12-19 00:27:03,0.161868677,-0.353311649,0.128238808
2025-12-19 00:27:13,0.013901455,0.115752260,-0.163182606
2025-12-19 00:27:23,-0.103782134,-0.113432705,-0.107970963
2025-12-19 00:27:33,0.037160274,-0.128603572,0.008302984
2025-12-19 00:27:43,-0.282217614,-0.059011981,0.066701243
2025-12-19 00:27:53,0.210239434,0.304609923,-0.063044518
2025-12-19 00:28:03,-0.240489530,-0.071168220,-0.234460631
2025-12-19 00:28:13,-0.080524280,-0.092075685,-0.085426217
2025-12-19 00:28:23,0.024661693,0.119625178,0.047085192
2025-12-19 00:28:33,0.118846090,0.103063292,-0.130156412
2025-12-19 00:28:43,-0.037700619,-0.217748492,0.261014287
2025-12-19 00:28:53,0.249156682,-0.023164619,0.186944368
2025-12-19 00:29:03,-0.011068935,0.227585076,-0.166785820
2025-12-19 00:29:13,0.117321879,-0.077853870,0.174700941
2025-12-19 00:29:23,-0.101231253,-0.154485474,-0.199314150
2025-12-19 00:29:33,0.106293734,-0.023893971,-0.047169738
2025-12-19 00:29:43,-0.075103454,0.131698620,0.225980478
2025-12-19 00:29:53,0.182814794,0.190131213,0.094214811
2025-12-19 00:30:03,-0.017017086,0.069539287,0.087096141
2025-12-19 00:30:13,0.050969151,-0.028139365,-0.092990452
2025-12-19 00:30:23,-0.042224195,0.027009537,0.228464167
2025-12-19 00:30:33,0.049263488,0.118875664,-0.003867218
2025-12-19 00:30:43,0.104707779,0.058532103,-0.161109555
2025-12-19 00:30:53,-0.201047784,0.152605469,-0.204962029
2025-12-19 00:31:03,0.060203082,-0.155310706,0.104588314
2025-12-19 00:31:13,-0.035904744,-0.077469003,0.173886771
2025-12-19 00:31:23,-0.032089168,0.275082876,-0.103769020
2025-12-19 00:31:33,-0.230832075,-0.009120025,-0.099448695
2025-12-19 00:31:43,-0.079805880,-0.170210128,-0.072368631
2025-12-19 00:31:53,-0.014830442,0.074165299,0.146761759
2025-12-19 00:32:03,-0.098445830,-0.159959520,0.017496594
2025-12-19 00:32:13,-0.158027407,0.147094033,0.074037983
2025-12-19 00:32:23,-0.205843574,0.165891308,-0.063367749
2025-12-19 00:32:33,0.102942782,0.191059661,0.130863321
2025-12-19 00:32:43,0.029438054,0.183101018,0.089976161
2025-12-19 00:32:53,0.190288758,0.092086671,-0.102934142
2025-12-19 00:33:03,0.273926936,-0.109518536,0.286847625
2025-12-19 00:33:13,-0.078243049,-0.067792905,0.040396771
2025-12-19 00:33:23,0.025730302,0.078059087,-0.147232147
2025-12-19 00:33:33,-0.041352328,-0.070868989,0.205510159
2025-12-19 00:33:43,-0.318292434,-0.101035941,0.022843787
2025-12-19 00:33:53,-0.096157955,0.140525401,0.108797515
2025-12-19 00:34:03,-0.159868103,0.056763925,-0.092484197
2025-12-19 00:34:13,0.009242997,0.175625226,0.133408437
2025-12-19 00:34:23,0.075528080,-0.147056885,-0.108487641
2025-12-19 00:34:33,0.321447090,0.025379915,-0.155261326
2025-12-19 00:34:43,-0.213918175,0.036162836,-0.155743578
2025-12-19 00:34:53,-0.020974114,-0.381796581,0.173286914
2025-12-19 00:35:03,-0.188387554,-0.030403298,-0.108833014
2025-12-19 00:35:13,0.085949192,0.255138524,-0.031837037
2025-12-19 00:35:23,0.187917702,0.089388337,-0.002499074
2025-12-19 00:35:33,-0.064959977,0.029118570,0.147163067
2025-12-19 00:35:43,0.190490007,0.162047608,-0.070903496
2025-12-19 00:35:53,0.203358817,0.197079088,0.049128311
2025-12-19 00:36:03,-0.061039559,-0.067287265,0.177648287
2025-12-19 00:36:13,-0.211043661,-0.440092499,0.226077952
2025-12-19 00:36:23,0.205000606,0.042860718,-0.029911809
2025-12-19 00:36:33,0.132900922,-0.119541000,0.134978952
2025-12-19 00:36:43,0.102545959,-0.143845675,0.219828862
2025-12-19 00:36:53,-0.100083070,-0.042427505,0.007379375
2025-12-19 00:37:03,0.185516043,-0.195219169,0.047333751
2025-12-19 00:37:13,-0.229954818,0.046940377,0.136041359
2025-12-19 00:37:23,0.207389442,-0.246463170,-0.374113288
2025-12-19 00:37:33,-0.230199527,-0.034956284,-0.041078377
2025-12-19 00:37:43,0.020256709,-0.011026704,-0.024684508
2025-12-19 00:37:53,0.018040893,-0.154748755,0.129761983
2025-12-19 00:38:03,-0.145811398,-0.103660233,-0.183146132
2025-12-19 00:38:13,0.089732063,-0.213188939,-0.162525750
2025-12-19 00:38:23,0.245544026,-0.128366984,0.082035893
2025-12-19 00:38:33,0.038701793,-0.146032399,-0.167922248
2025-12-19 00:38:43,-0.010265659,0.172955999,-0.377058986
2025-12-19 00:38:53,-0.014114997,0.052877881,0.001740332
2025-12-19 00:39:03,-0.179331389,0.176977131,-0.120276353
2025-12-19 00:39:13,0.097747317,-0.051530109,-0.206863488
2025-12-19 00:39:23,0.057815416,-0.180907760,-0.172561386
2025-12-19 00:39:33,-0.014962198,0.026510601,-0.016055753
2025-12-19 00:39:43,0.070239044,0.114103797,0.023941766
2025-12-19 00:39:53,0.085843416,-0.003967402,0.012785378
2025-12-19 00:40:03,0.112503338,0.099234036,0.075480063
2025-12-19 00:40:13,0.193788801,-0.075224061,-0.128352119
2025-12-19 00:40:23,-0.007189935,0.063038164,-0.103183248
2025-12-19 00:40:33,0.072969035,-0.103221185,0.253063677
2025-12-19 00:40:43,-0.181221745,0.162118305,0.011126177
2025-12-19 00:40:53,0.066762005,-0.114187163,-0.104716448
2025-12-19 00:41:03,0.155775234,0.159958723,0.132604937
2025-12-19 00:41:13,0.211473571,-0.293688399,0.059376425
2025-12-19 00:41:23,-0.149848570,0.088694358,0.098921323
2025-12-19 00:41:33,0.148351323,0.088346310,-0.236665108
2025-12-19 00:41:43,-0.048078330,0.093164183,-0.034466430
2025-12-19 00:41:53,-0.138301183,-0.105581219,-0.080871214
2025-12-19 00:42:03,-0.084305461,0.080646679,0.144638661
2025-12-19 00:42:13,0.090013673,0.168678841,0.058636245
2025-12-19 00:42:23,-0.066644433,-0.068688846,-0.138902091
2025-12-19 00:42:33,0.182660599,-0.003943941,-0.093561517
2025-12-19 00:42:43,-0.132110314,0.005293841,-0.172625082
2025-12-19 00:42:53,-0.109285262,0.162543813,0.103249782
2025-12-19 00:43:03,0.236285000,-0.108634809,0.258404826
2025-12-19 00:43:13,-0.038094744,-0.101756591,-0.365461628
2025-12-19 00:43:23,-0.015564527,0.077814317,0.027072307
2025-12-19 00:43:33,-0.342947045,0.181883298,-0.028582089
2025-12-19 00:43:43,0.199884605,0.003971621,-0.148561210
2025-12-19 00:43:53,-0.184461882,-0.062625749,0.033688830
2025-12-19 00:44:03,0.174892422,-0.190199783,-0.209572142
2025-12-19 00:44:13,0.072505197,-0.215967777,-0.072213455
2025-12-19 00:44:23,-0.144895315,-0.233700480,0.091285876
2025-12-19 00:44:33,-0.085204121,0.089526069,0.013241321
2025-12-19 00:44:43,-0.019807904,0.042152886,-0.056350070
2025-12-19 00:44:53,-0.070032626,0.077663992,-0.006737387
2025-12-19 00:45:03,0.026584518,0.001303321,0.101870153
2025-12-19 00:45:13,-0.073687214,-0.227629079,-0.166904461
2025-12-19 00:45:23,-0.161425316,-0.110182161,-0.001592161
2025-12-19 00:45:33,0.041091482,0.053845220,-0.119453650
2025-12-19 00:45:43,0.029892234,-0.022862691,0.110703481
2025-12-19 00:45:53,-0.127496746,-0.016770966,-0.316034319
2025-12-19 00:46:03,0.113858377,0.066561436,0.030710628
2025-12-19 00:46:13,-0.026632942,0.058537865,0.009060222
2025-12-19 00:46:23,-0.129585692,-0.043217871,-0.063188104
2025-12-19 00:46:33,0.114976158,0.042326935,0.041535688
2025-12-19 00:46:43,-0.101809600,0.035831438,0.119065562
2025-12-19 00:46:53,0.059917143,0.082944667,-0.016166839
2025-12-19 00:47:03,0.123942002,0.119359768,0.045346001
2025-12-19 00:47:13,-0.052920055,0.003018292,0.158787557
2025-12-19 00:47:23,-0.267387337,-0.168465525,-0.082548357
2025-12-19 00:47:33,0.018649610,-0.046673343,-0.062592404
2025-12-19 00:47:43,0.110966098,-0.152694093,-0.337606172
2025-12-19 00:47:53,-0.025576785,0.110090352,-0.003168368
2025-12-19 00:48:03,0.202232576,0.327534539,-0.282992327
2025-12-19 00:48:13,-0.257766866,-0.100406740,-0.049958119
2025-12-19 00:48:23,0.149885756,-0.024008497,0.056444152
2025-12-19 00:48:33,-0.275741630,0.121081346,0.006710231
2025-12-19 00:48:43,-0.076284784,0.014615283,0.074165265
2025-12-19 00:48:53,-0.035095509,0.130645787,-0.122429528
2025-12-19 00:49:03,-0.057674664,-0.092367893,-0.099871607
2025-12-19 00:49:13,-0.233552416,0.118351719,-0.039012001
2025-12-19 00:49:23,0.152061412,-0.074417515,0.243320001
2025-12-19 00:49:33,-0.318020663,-0.045963046,0.315670051
2025-12-19 00:49:43,0.111987898,-0.288483607,0.060723453
2025-12-19 00:49:53,0.142240956,-0.099670238,-0.160018226
2025-12-19 00:50:03,0.050250104,-0.205291163,-0.319615733
2025-12-19 00:50:13,0.196352898,0.318083600,-0.095206357
2025-12-19 00:50:23,0.137511702,-0.095620765,0.164057019
2025-12-19 00:50:33,-0.093387707,0.129006787,-0.047217392
2025-12-19 00:50:43,0.180974097,-0.242511750,-0.022836973
2025-12-19 00:50:53,0.023192528,-0.038321200,-0.313027230
2025-12-19 00:51:03,0.086097243,-0.018098288,-0.172794751
2025-12-19 00:51:13,0.002719751,-0.044748558,-0.153454785
2025-12-19 00:51:23,-0.033723285,0.120106952,0.018650445
2025-12-19 00:51:33,0.377811188,0.206652182,-0.138676670
2025-12-19 00:51:43,0.184856184,0.026902857,-0.240260726
2025-12-19 00:51:53,0.187050088,-0.105401468,-0.110113155
2025-12-19 00:52:03,0.077278261,0.012685181,-0.157709456
2025-12-19 00:52:13,0.132941487,0.042105780,0.060004776
2025-12-19 00:52:23,-0.150298128,-0.084357312,0.094541769
2025-12-19 00:52:33,-0.093372907,-0.046453260,0.170452896
2025-12-19 00:52:43,-0.024505335,-0.134197593,0.023802261
2025-12-19 00:52:53,-0.192915685,-0.006678568,0.001342828
2025-12-19 00:53:03,-0.210828435,-0.099150657,-0.090808433
2025-12-19 00:53:13,0.026731095,0.114815831,0.183316607
2025-12-19 00:53:23,-0.008403506,0.370318278,-0.239321909
2025-12-19 00:53:33,0.139385056,0.050227233,-0.058435734
2025-12-19 00:53:43,-0.208881334,-0.126776343,0.042474531
2025-12-19 00:53:53,-0.012830352,-0.034976451,0.140481145
2025-12-19 00:54:03,-0.003352504,-0.103824030,-0.000566156
2025-12-19 00:54:13,0.054524749,0.001920999,-0.051405115
2025-12-19 00:54:23,0.145251040,0.049215623,0.200178733
2025-12-19 00:54:33,0.159577248,-0.062251259,0.067128839
2025-12-19 00:54:43,-0.132008332,-0.210069329,-0.029897847
2025-12-19 00:54:53,-0.031091039,0.150582408,-0.131221665
2025-12-19 00:55:03,0.225890993,-0.392214502,0.010064120
2025-12-19 00:55:13,0.065999376,-0.012679568,-0.020487996
2025-12-19 00:55:23,-0.055380312,0.009410283,0.009391395
2025-12-19 00:55:33,-0.051608750,-0.069738334,-0.232356970
2025-12-19 00:55:43,-0.079906343,-0.098325949,-0.107792964
2025-12-19 00:55:53,-0.278339592,0.121768921,-0.047413459
2025-12-19 00:56:03,-0.040592373,0.109098133,0.022667197
2025-12-19 00:56:13,0.138206774,-0.219757778,-0.187344565
2025-12-19 00:56:23,0.332667894,0.140142028,-0.105290041
2025-12-19 00:56:33,0.158218289,0.048427795,0.140900765
2025-12-19 00:56:43,-0.134690025,0.118395532,-0.089440592
2025-12-19 00:56:53,0.081671254,-0.085290481,0.003961333
2025-12-19 00:57:03,0.222905410,0.082095415,0.189033641
2025-12-19 00:57:13,0.075653455,0.000351575,0.244127941
2025-12-19 00:57:23,0.089515967,-0.022576614,0.094648211
2025-12-19 00:57:33,-0.110773317,0.157586236,0.040798906
2025-12-19 00:57:43,-0.098016135,-0.045614341,-0.137448122
2025-12-19 00:57:53,0.341342717,-0.067101917,-0.057749698
2025-12-19 00:58:03,0.007402982,0.067935998,0.162057930
2025-12-19 00:58:13,-0.163886358,-0.132723770,-0.342455582
2025-12-19 00:58:23,-0.075897109,0.187163399,-0.321710262
2025-12-19 00:58:33,-0.025290183,-0.078537274,0.211965087
2025-12-19 00:58:43,-0.021115075,-0.010033392,-0.064954443
2025-12-19 00:58:53,-0.085437265,0.090572497,0.088787246
2025-12-19 00:59:03,0.083455575,-0.009425654,-0.111825071
2025-12-19 00:59:13,0.012380893,-0.050353265,-0.278380724
2025-12-19 00:59:23,0.070281995,-0.039775785,-0.048463566
2025-12-19 00:59:33,-0.091662028,-0.139989420,0.000336986
2025-12-19 00:59:43,0.129844514,0.260675670,-0.001408922
2025-12-19 00:59:53,0.067508825,-0.022539670,0.069941834
2025-12-19 01:00:03,-0.508434944,-0.020199920,-0.053581928
2025-12-19 01:00:13,-0.080882867,0.183097477,-0.145726246
2025-12-19 01:00:23,-0.089446158,-0.299500344,0.184530967
2025-12-19 01:00:33,-0.051795792,-0.131117654,-0.136465842
2025-12-19 01:00:43,-0.110777410,-0.028866923,-0.063739367
2025-12-19 01:00:53,-0.104571077,0.109404871,-0.212730732
2025-12-19 01:01:03,-0.273035308,0.129113349,-0.016105588
2025-12-19 01:01:13,-0.079272738,-0.049722143,0.257483925
2025-12-19 01:01:23,0.008324051,0.071172788,0.052859951
2025-12-19 01:01:33,-0.130989241,0.364833602,0.326858307
2025-12-19 01:01:43,0.053282433,-0.170977748,-0.346511379
2025-12-19 01:01:53,-0.058675331,0.058499096,0.041288867
2025-12-19 01:02:03,0.055862777,-0.066574987,0.130332544
2025-12-19 01:02:13,-0.070958639,0.025027784,-0.251955321
2025-12-19 01:02:23,-0.001591686,-0.066045356,0.001992674
2025-12-19 01:02:33,-0.045087030,-0.169221708,-0.015398862
2025-12-19 01:02:43,-0.071224129,-0.357782278,0.206470990
2025-12-19 01:02:53,0.095063696,-0.019099542,0.002575416
2025-12-19 01:03:03,0.156622836,0.167210601,-0.013325362
2025-12-19 01:03:13,0.079461643,0.231247099,0.183052233
2025-12-19 01:03:23,0.195481224,0.052207113,-0.041927491
2025-12-19 01:03:33,-0.062991294,0.140157687,0.163215403
2025-12-19 01:03:43,0.131851759,-0.217987412,0.137550213
2025-12-19 01:03:53,-0.198006380,0.067150340,0.183632689
2025-12-19 01:04:03,-0.061000314,-0.126784369,-0.066198205
2025-12-19 01:04:13,-0.227618864,0.237698046,-0.205071850
2025-12-19 01:04:23,-0.138022430,-0.078312506,0.159957478
2025-12-19 01:04:33,-0.285454547,-0.014124878,-0.057434450
2025-12-19 01:04:43,-0.238773431,-0.022986932,-0.125613191
2025-12-19 01:04:53,-0.001520480,0.418253227,0.046662346
2025-12-19 01:05:03,-0.066200159,0.079554324,-0.049936058
2025-12-19 01:05:13,-0.045222618,-0.005399600,-0.093855563
2025-12-19 01:05:23,0.002844685,-0.179093143,-0.042573288
2025-12-19 01:05:33,-0.009336431,0.189079889,0.162182570
2025-12-19 01:05:43,0.084108126,0.305454375,0.109507563
2025-12-19 01:05:53,0.132131266,0.070774308,-0.114848250
2025-12-19 01:06:03,-0.113752433,0.060256710,0.269938136
2025-12-19 01:06:13,-0.121755008,0.044252362,-0.140798052
2025-12-19 01:06:23,-0.183620914,0.219313433,-0.064150183
2025-12-19 01:06:33,0.256164426,-0.186699963,0.041390040
2025-12-19 01:06:43,-0.076920637,0.038136477,0.095439494
2025-12-19 01:06:53,-0.006278455,0.210737158,0.126863875
2025-12-19 01:07:03,0.175552137,-0.121543946,0.124945648
2025-12-19 01:07:13,0.302648917,0.046499287,0.064599372
2025-12-19 01:07:23,0.100241242,-0.199556545,-0.188910721
2025-12-19 01:07:33,-0.151241540,-0.212646252,0.239796184
2025-12-19 01:07:43,-0.005197647,-0.193943143,0.206033803
2025-12-19 01:07:53,-0.102028097,-0.086516219,-0.304618273
2025-12-19 01:08:03,0.222706426,0.085043803,0.183284936
2025-12-19 01:08:13,-0.242684142,-0.383113792,0.085108695
2025-12-19 01:08:23,0.431722233,-0.028084366,0.260495134
2025-12-19 01:08:33,0.076661081,-0.091716904,-0.100147465
2025-12-19 01:08:43,-0.131362138,-0.064829801,0.304812754
2025-12-19 01:08:53,-0.277175499,0.126682653,0.242409466
2025-12-19 01:09:03,-0.003047775,-0.190501588,-0.167730697
2025-12-19 01:09:13,0.225684930,0.107152089,0.331487109
2025-12-19 01:09:23,0.134848527,0.173734771,-0.091907060
2025-12-19 01:09:33,-0.218917020,0.086178778,-0.058651739
2025-12-19 01:09:43,-0.064615819,0.044682506,0.209388884
2025-12-19 01:09:53,0.141733522,0.040984581,-0.140731650
2025-12-19 01:10:03,0.190768856,0.092489908,0.075906295
2025-12-19 01:10:13,-0.009748680,0.053825824,0.132198130
2025-12-19 01:10:23,0.091872502,-0.040929318,-0.157398106
2025-12-19 01:10:33,0.172166596,0.366014404,-0.051173006
2025-12-19 01:10:43,-0.249964238,0.318761149,0.060589562
2025-12-19 01:10:53,0.155979846,-0.126005227,-0.103448300
2025-12-19 01:11:03,0.135498484,-0.111998830,0.186377611
2025-12-19 01:11:13,-0.022106742,-0.060981557,0.304177738
2025-12-19 01:11:23,0.271444782,0.054268460,0.116304062
2025-12-19 01:11:33,0.118646104,-0.067788378,0.219390608
2025-12-19 01:11:43,-0.077314857,0.131268311,0.055324946
2025-12-19 01:11:53,0.233168739,-0.484163989,-0.018120477
2025-12-19 01:12:03,0.075463012,0.113734634,-0.055532885
2025-12-19 01:12:13,0.141503317,-0.043971695,-0.177893897
2025-12-19 01:12:23,-0.102119347,-0.336213793,-0.237530487
2025-12-19 01:12:33,-0.060300221,0.176518272,0.070875129
2025-12-19 01:12:43,0.299171079,0.001574891,0.025634266
2025-12-19 01:12:53,-0.198811135,-0.291675271,0.013118631
2025-12-19 01:13:03,0.236742477,0.064203037,-0.057743653
2025-12-19 01:13:13,-0.047685750,0.055313276,-0.082045610
2025-12-19 01:13:23,-0.005520144,-0.099609976,-0.048219918
2025-12-19 01:13:33,-0.052292813,-0.105902873,-0.181729083
2025-12-19 01:13:43,0.076976947,-0.099906840,0.262496445
2025-12-19 01:13:53,0.054587664,0.073778685,-0.023304293
2025-12-19 01:14:03,0.101165563,0.075638556,-0.028982917
2025-12-19 01:14:13,-0.276977311,0.090806894,-0.080217967
2025-12-19 01:14:23,-0.058132348,0.118124693,-0.087131796
2025-12-19 01:14:33,0.051439409,-0.098038133,-0.201057434
2025-12-19 01:14:43,-0.270626279,-0.016200882,-0.091309808
2025-12-19 01:14:53,-0.314146573,-0.056274412,0.032712828
2025-12-19 01:15:03,0.267182922,-0.207312107,-0.051125191
2025-12-19 01:15:13,0.214014957,-0.274896046,-0.131485496
2025-12-19 01:15:23,0.083194127,-0.038383092,0.056930646
2025-12-19 01:15:33,0.011473638,0.110410791,0.018452799
2025-12-19 01:15:43,0.057342841,0.128224763,0.335030868
2025-12-19 01:15:53,-0.212259145,0.250983739,0.031817651
2025-12-19 01:16:03,-0.252130873,0.190492601,-0.063881804
2025-12-19 01:16:13,-0.087882445,-0.054008432,-0.242270292
2025-12-19 01:16:23,0.167575687,0.074327134,-0.082062427
2025-12-19 01:16:33,0.129088065,-0.063511486,-0.142198877
2025-12-19 01:16:43,-0.076967554,0.054625613,-0.275630050
2025-12-19 01:16:53,0.283481580,0.229413750,-0.041915890
2025-12-19 01:17:03,0.108318056,0.200444550,0.366632571
2025-12-19 01:17:13,-0.034829974,0.024017349,-0.055767223
2025-12-19 01:17:23,-0.063591661,0.079601608,-0.217485721
2025-12-19 01:17:33,-0.137484337,0.291756725,0.184754507
2025-12-19 01:17:43,0.219837855,-0.064523852,-0.209143670
2025-12-19 01:17:53,0.039762455,0.126662578,0.083611317
2025-12-19 01:18:03,-0.050452287,0.033160419,-0.228604648
2025-12-19 01:18:13,0.201333566,-0.013262651,-0.116727400
2025-12-19 01:18:23,-0.072310865,-0.171722090,0.036099635
2025-12-19 01:18:33,0.123421995,0.176836145,-0.131633133
2025-12-19 01:18:43,0.065538417,-0.138723763,-0.021628518
2025-12-19 01:18:53,0.308844873,-0.026952262,-0.219098791
2025-12-19 01:19:03,0.080840208,0.023689193,-0.203505135
2025-12-19 01:19:13,0.011885825,-0.311781482,0.075852332
2025-12-19 01:19:23,0.158949415,-0.028433749,0.060736457
2025-12-19 01:19:33,0.162656918,-0.014479131,-0.359200295
2025-12-19 01:19:43,-0.021777813,-0.151055919,-0.220778471
2025-12-19 01:19:53,0.058044177,-0.021011152,0.147660249
2025-12-19 01:20:03,0.077771290,0.084042627,-0.100220229
2025-12-19 01:20:13,0.292769597,-0.209494497,0.148355736
2025-12-19 01:20:23,0.088024488,0.229588222,-0.011967234
2025-12-19 01:20:33,0.032549278,0.082337163,0.195360603
2025-12-19 01:20:43,-0.004680065,-0.008372048,0.003652044
2025-12-19 01:20:53,0.261648778,-0.004208322,0.213307789
2025-12-19 01:21:03,-0.095723487,-0.211166795,-0.117851286
2025-12-19 01:21:13,-0.055165670,0.349730066,0.132203891
2025-12-19 01:21:23,0.007491340,-0.296359089,-0.153745943
2025-12-19 01:21:33,0.073759640,-0.159666713,0.201334420
2025-12-19 01:21:43,-0.159539555,0.029468910,-0.349307389
2025-12-19 01:21:53,-0.017697979,-0.042414081,-0.015539010
2025-12-19 01:22:03,-0.172364045,-0.003838814,0.360436525
2025-12-19 01:22:13,0.038609508,-0.008625926,0.088854441
2025-12-19 01:22:23,-0.208764194,-0.270752015,0.037391763
2025-12-19 01:22:33,-0.101380781,-0.233979267,0.111378489
2025-12-19 01:22:43,0.026975066,-0.131670861,0.061062035
2025-12-19 01:22:53,0.112199197,-0.072485305,-0.127715137
2025-12-19 01:23:03,-0.116757367,0.102793337,-0.056514143
2025-12-19 01:23:13,-0.188117245,0.025888442,-0.053943960
2025-12-19 01:23:23,-0.098494155,-0.272988376,0.052174151
2025-12-19 01:23:33,0.177350144,-0.098643026,0.327866349
2025-12-19 01:23:43,-0.107081241,0.147230170,-0.010445689
2025-12-19 01:23:53,-0.058988942,0.100023389,0.069583289
2025-12-19 01:24:03,-0.166933005,-0.098744306,0.012455308
2025-12-19 01:24:13,0.216707192,-0.120701636,-0.048612816
2025-12-19 01:24:23,-0.044746782,-0.007039336,-0.287802588
2025-12-19 01:24:33,0.163817385,-0.232014721,-0.071283845
2025-12-19 01:24:43,0.258024613,0.003152356,-0.261136206
2025-12-19 01:24:53,-0.180196622,-0.015056396,0.103589870
2025-12-19 01:25:03,0.095313957,-0.023522200,0.151203653
2025-12-19 01:25:13,0.110842711,-0.094396200,-0.294188219
2025-12-19 01:25:23,-0.069586125,0.025822714,-0.082397151
2025-12-19 01:25:33,0.127008347,-0.123187453,0.045874830
2025-12-19 01:25:43,-0.153660417,0.079732528,-0.055932299
2025-12-19 01:25:53,0.221503622,0.235656735,-0.089173594
2025-12-19 01:26:03,0.103735517,-0.014596901,0.018174222
2025-12-19 01:26:13,-0.190675279,-0.310350746,-0.062652186
2025-12-19 01:26:23,0.066466984,-0.058068440,-0.018856640
2025-12-19 01:26:33,-0.152315019,-0.025145587,-0.165758536
2025-12-19 01:26:43,0.067892529,0.036459246,0.088924335
2025-12-19 01:26:53,0.186290104,-0.137973401,-0.076790717
2025-12-19 01:27:03,-0.106929934,-0.104149049,0.187920683
2025-12-19 01:27:13,-0.357403883,0.034815186,-0.144662349
2025-12-19 01:27:23,0.100776895,-0.125670561,-0.012599179
2025-12-19 01:27:33,-0.110523050,0.098511465,-0.063332695
2025-12-19 01:27:43,0.271040352,-0.157711027,0.130352279
2025-12-19 01:27:53,0.056400467,0.064341214,-0.050729010
2025-12-19 01:28:03,0.208730450,0.130532374,0.055052800
2025-12-19 01:28:13,0.069655765,-0.026620437,-0.112441894
2025-12-19 01:28:23,0.261447875,0.021751013,-0.263131283
2025-12-19 01:28:33,0.085171441,0.230640023,0.032740131
2025-12-19 01:28:43,-0.192419211,0.143198135,-0.020717646
2025-12-19 01:28:53,-0.149470294,-0.092327631,-0.093247008
2025-12-19 01:29:03,-0.188600698,-0.136566363,-0.056009626
2025-12-19 01:29:13,0.096883030,0.119325718,-0.019440595
2025-12-19 01:29:23,0.069082827,0.001002044,0.310304900
2025-12-19 01:29:33,-0.216035414,0.150033209,0.004178285
2025-12-19 01:29:43,-0.348145057,-0.134698609,-0.107934720
2025-12-19 01:29:53,-0.009352995,-0.054181641,-0.036993510
2025-12-19 01:30:03,0.134553592,-0.069097355,-0.081131231
2025-12-19 01:30:13,-0.020723862,0.112627567,0.007886596
2025-12-19 01:30:23,0.202875638,-0.007176866,-0.007597696
2025-12-19 01:30:33,-0.148008907,-0.021848142,0.076088604
2025-12-19 01:30:43,-0.027330106,0.101437105,0.143087767
2025-12-19 01:30:53,-0.200856034,-0.057850088,0.166424412
2025-12-19 01:31:03,0.297896100,0.124800361,-0.005866458
2025-12-19 01:31:13,0.222561866,0.196210821,-0.021760395
2025-12-19 01:31:23,-0.077841741,0.011617783,-0.082172803
2025-12-19 01:31:33,0.067866160,-0.077829234,-0.026960023
2025-12-19 01:31:43,0.052569869,-0.079586897,0.371130217
2025-12-19 01:31:53,0.109817262,0.042312308,-0.087127062
2025-12-19 01:32:03,-0.113517443,-0.184603472,0.102383083
2025-12-19 01:32:13,-0.088309156,0.009896174,0.081971852
2025-12-19 01:32:23,0.271616227,0.246753354,0.044277502
2025-12-19 01:32:33,0.046581351,-0.047992304,0.066130802
2025-12-19 01:32:43,-0.026274977,-0.258106339,0.211160834
2025-12-19 01:32:53,-0.021878714,-0.317589836,-0.092839566
2025-12-19 01:33:03,0.059181117,-0.079576938,-0.068960704
2025-12-19 01:33:13,-0.173761652,-0.047773973,0.191092909
2025-12-19 01:33:23,0.136721609,-0.164841314,0.193355059
2025-12-19 01:33:33,0.251751706,0.041445099,0.195152061
2025-12-19 01:33:43,0.044489727,0.196232730,0.021479801
2025-12-19 01:33:53,-0.143797463,-0.015625440,-0.066063408
2025-12-19 01:34:03,0.085476309,-0.096752621,-0.045254805
2025-12-19 01:34:13,0.050464725,0.258999315,0.134974677
2025-12-19 01:34:23,0.003128741,0.109881359,-0.510936483
2025-12-19 01:34:33,-0.056065723,0.257578484,-0.146179326
2025-12-19 01:34:43,0.058077792,0.485550791,0.182695096
2025-12-19 01:34:53,-0.050263736,-0.042725281,-0.045800485
2025-12-19 01:35:03,-0.088959425,0.190663147,-0.205017424
2025-12-19 01:35:13,-0.065954513,-0.212658738,-0.181073942
2025-12-19 01:35:23,0.143109957,-0.165940195,-0.038192896
2025-12-19 01:35:33,-0.056371504,0.108540361,0.133267403
2025-12-19 01:35:43,-0.045284691,-0.192523520,0.131365205
2025-12-19 01:35:53,-0.117237278,0.188731535,-0.176142569
2025-12-19 01:36:03,-0.080295738,0.172885939,-0.063485535
2025-12-19 01:36:13,-0.064958541,0.023473039,-0.023383090
2025-12-19 01:36:23,0.072531025,-0.072966962,0.019497849
2025-12-19 01:36:33,-0.054195868,-0.221007531,0.175930512
2025-12-19 01:36:43,-0.041890629,0.064531144,0.087795901
2025-12-19 01:36:53,0.017863341,-0.105590754,-0.030602128
2025-12-19 01:37:03,0.002576909,0.297272064,0.132262393
2025-12-19 01:37:13,-0.053652270,-0.001573548,-0.143638339
2025-12-19 01:37:23,-0.023826265,-0.009456611,0.009471240
2025-12-19 01:37:33,0.267105584,0.067064400,0.054556145
2025-12-19 01:37:43,0.031765982,0.115651199,-0.120341656
2025-12-19 01:37:53,0.031924276,-0.045042037,0.136841630
2025-12-19 01:38:03,0.137631993,-0.103831695,-0.258632310
2025-12-19 01:38:13,0.135692445,-0.044357771,0.036288149
2025-12-19 01:38:23,0.032031020,0.135881535,-0.007131822
2025-12-19 01:38:33,-0.005829515,0.049401608,-0.066734608
2025-12-19 01:38:43,-0.028785166,0.363190098,0.254350948
2025-12-19 01:38:53,0.134548872,0.176458418,-0.024593913
2025-12-19 01:39:03,-0.042668289,-0.154659135,0.091995285
2025-12-19 01:39:13,0.135254816,0.064598283,0.094255482
2025-12-19 01:39:23,-0.108094481,-0.053814546,0.048354955
2025-12-19 01:39:33,0.122287454,-0.057179088,-0.141996909
2025-12-19 01:39:43,0.138532806,0.087393505,-0.116286250
2025-12-19 01:39:53,-0.127734697,-0.135753012,-0.310728454
2025-12-19 01:40:03,0.213991485,-0.118569474,-0.085800608
2025-12-19 01:40:13,-0.102357929,-0.060153021,-0.274075468
2025-12-19 01:40:23,-0.068468376,0.136594811,0.079954306
2025-12-19 01:40:33,-0.043597329,-0.037262030,-0.017536250
2025-12-19 01:40:43,-0.017801374,0.080120679,0.086931604
2025-12-19 01:40:53,-0.026597882,0.123327346,-0.166725559
2025-12-19 01:41:03,0.178564200,-0.310867652,-0.052455277
2025-12-19 01:41:13,-0.030671269,0.142934269,-0.002285178
2025-12-19 01:41:23,0.236919704,-0.100087989,0.163203111
2025-12-19 01:41:33,-0.027230051,0.115267427,0.062258059
2025-12-19 01:41:43,0.029035831,0.055625171,-0.327069076
2025-12-19 01:41:53,-0.150846434,-0.008769387,-0.013926214
2025-12-19 01:42:03,-0.023467885,-0.209741199,-0.045049539
2025-12-19 01:42:13,-0.119540460,0.036032682,-0.029597503
2025-12-19 01:42:23,0.251246181,0.189308472,-0.075607171
2025-12-19 01:42:33,-0.030953410,-0.077889154,0.025866322
2025-12-19 01:42:43,0.167094257,-0.111737392,-0.086875169
2025-12-19 01:42:53,-0.103362746,-0.357152298,0.403144210
2025-12-19 01:43:03,0.030275656,0.049942984,0.117391025
2025-12-19 01:43:13,-0.083217585,-0.147334347,-0.266140468
2025-12-19 01:43:23,0.182352785,-0.051728575,0.178160129
2025-12-19 01:43:33,0.175501627,0.003314302,-0.148871999
2025-12-19 01:43:43,0.005666822,0.201397186,-0.166320441
2025-12-19 01:43:53,-0.138711462,-0.084762816,0.082296730
2025-12-19 01:44:03,-0.109454488,-0.131371050,-0.370103123
2025-12-19 01:44:13,-0.108124087,0.039615601,0.011257662
2025-12-19 01:44:23,-0.169021523,-0.107103171,0.310099081
2025-12-19 01:44:33,-0.230832794,0.066059465,0.107508427
2025-12-19 01:44:43,0.100482113,-0.025708762,0.247233750
2025-12-19 01:44:53,0.392560154,-0.146395224,0.044273150
2025-12-19 01:45:03,-0.041704377,0.073337002,0.087974884
2025-12-19 01:45:13,-0.127358701,0.152853109,0.152667857
2025-12-19 01:45:23,-0.123341157,0.068986221,0.198788630
2025-12-19 01:45:33,-0.124915814,0.270150045,0.136248766
2025-12-19 01:45:43,-0.054083784,-0.065498516,0.183461427
2025-12-19 01:45:53,0.136861500,-0.018065494,-0.072823926
2025-12-19 01:46:03,-0.067760360,0.113916523,-0.210862664
2025-12-19 01:46:13,-0.055044245,0.263571883,-0.073670267
2025-12-19 01:46:23,-0.183394807,0.031151629,-0.062428037
2025-12-19 01:46:33,0.215783543,0.141598730,-0.051566524
2025-12-19 01:46:43,-0.185243413,0.127556529,0.016068244
2025-12-19 01:46:53,0.176488971,-0.187047618,-0.079787736
2025-12-19 01:47:03,-0.042275640,0.033580078,0.433869856
2025-12-19 01:47:13,-0.193135193,-0.084636188,-0.345221038
2025-12-19 01:47:23,0.304966884,-0.469320333,-0.048451354
2025-12-19 01:47:33,0.075045947,-0.380431668,-0.372005122
2025-12-19 01:47:43,0.292732606,0.074760534,-0.013700256
2025-12-19 01:47:53,0.330314291,-0.365239760,0.382244194
2025-12-19 01:48:03,-0.283710698,0.652530225,-0.000637375
2025-12-19 01:48:13,-0.109942189,0.559251114,-0.236097415
2025-12-19 01:48:23,-0.118385132,-0.312290069,0.182160993
2025-12-19 01:48:33,0.071817710,-0.066429024,0.463802397
2025-12-19 01:48:43,-0.431472596,0.035212963,-0.116259073
2025-12-19 01:48:53,-0.486158026,-0.563431556,0.364025501
2025-12-19 01:49:03,-0.060466870,0.398441840,0.371430706
2025-12-19 01:49:13,0.117934705,0.326996108,0.459127875
2025-12-19 01:49:23,-0.386906978,0.063085894,0.056158690
2025-12-19 01:49:33,-0.293453370,0.252735694,0.357040724
2025-12-19 01:49:43,-0.311352404,-0.086059248,0.470469833
2025-12-19 01:49:53,0.440699792,0.212233096,0.417078417
2025-12-19 01:50:03,0.112970062,-0.438218899,-0.030066286
2025-12-19 01:50:13,-0.556771138,0.615686593,0.067983769
2025-12-19 01:50:23,-0.084953386,-1.219849491,-0.044206173
